alpha,cap,global_rmse,well_rmse_mean,well_rmse_median,well_rmse_p90,well_rmse_p95,well_rmse_max,group3_rmse_mean,group3_rmse_p90,group3_rmse_p95,group3_rmse_p99,group3_rmse_max
0.9,none,20.273707213267787,16.572540598851198,12.208771736101959,32.321152980153926,38.62118643795907,53.96511140242263,18.638146605507036,30.731822809050616,33.44160171628684,38.26300129759853,48.44370077693581
1.0,none,19.68102671921772,15.672869743580689,10.644203807856952,30.54235582193341,39.904026161214645,63.307639900547265,17.718831851721625,31.80767583903709,36.24655117718212,41.7120281779898,54.985712546456575
0.8,none,23.918643794264256,18.878890208882048,14.138887376875383,40.450367289532416,44.01240382404061,65.72033184215631,21.650893723795168,33.79476994154924,37.50836413531474,42.92282931965683,51.77038294124251
0.75,none,26.536105617695828,20.48200506274091,14.93594116312214,41.157163462378264,49.58751320571233,74.5535643443315,23.691860574956646,38.81992025201813,42.62186108912403,49.07638698869723,58.43245481934349
0.7,none,29.505554783554427,22.24892808601237,15.385913224365737,44.373779232691994,58.510318703270855,83.40752230171843,25.969207746474858,44.55333016091944,48.87117253240651,55.73157446666001,65.19712909297009
0.6,none,36.144874194754244,25.98653307427855,19.939426984110437,49.89788023268425,73.53931762672583,101.15583552046942,30.98010539325577,56.43086204420829,62.31017796702308,70.11368505012443,83.50599731331542
0.5,none,43.35578419732178,29.892426085926708,22.098616515776882,62.26085385374896,88.62621766188805,118.93791181722099,36.38617991735307,68.39042309399346,76.24871948617019,87.0147717722952,102.4770107240042
0.9,100.0,44.77902524930118,25.598673478829962,12.549111629065935,55.2645624409104,100.0520181514016,144.253662027458,33.204635539614415,72.5554230938032,89.06018566179867,107.73245208891596,126.10807565166527
1.0,100.0,44.84742119914945,25.58139296105191,12.344814448621635,57.56156691279775,100.12009398441684,144.13802528710875,33.25356894834507,72.5936918002826,89.067631364706,107.69915249929619,125.90490668615969
0.8,100.0,45.06789682448808,26.305257891466812,14.539666424707898,54.12996565718546,100.15047162873608,144.51109782658943,33.76630699029409,72.75524754184222,89.25617000963827,107.81360614676161,126.4839087807166
0.75,100.0,45.38238890335425,26.904644502580012,15.27976439385527,53.69992675510008,100.30293998629668,144.7234813664309,34.29089497041148,73.00496650933873,89.42453040621429,108.0847738869813,126.77018527772985
0.7,100.0,45.83491431389032,27.63501058706818,17.23422458672522,53.83597683921188,100.57052276761253,145.0179556348639,34.982730581856366,73.49077414196964,89.73197331226422,108.25768844893011,127.15279317948597
0.4,none,50.89591379979052,33.94732925958639,23.06854068836888,71.73035781197035,104.8955846199154,136.74057992893654,42.061862697063646,80.08122674827936,90.32215894157467,104.26370581755916,122.89649783868173
0.6,100.0,47.263331264380724,29.43673929299947,19.939426984110437,55.82863294253181,101.78942576887934,145.9608500614763,36.8936801212408,74.69124840297307,90.66953840769608,109.21875629225602,128.37549527933308
0.5,100.0,49.608865594891796,31.721904353295603,22.098616515776882,62.422183710576554,103.95517146029115,147.64679802159,39.58181253468461,77.17185307973054,92.67210488537188,111.14292920860312,130.6909300615777
0.4,100.0,53.212102673772996,34.56788235379432,23.06854068836888,71.73035781197035,108.20354885071863,151.0737717648273,43.17041713797129,82.17757508453488,96.8172506752999,114.72247987863503,135.37027435141738
1.0,75.0,52.07189574157562,29.459634742586523,13.992775803439816,69.44614975775478,118.13561964392869,163.39831583080957,38.629589806759896,84.3381448735015,102.57552236110668,122.6626436229994,144.25473357359817
0.8,75.0,52.02606850521533,29.609491560987763,14.634762840199167,68.66590415071211,118.13964593766178,163.5702679776779,38.61316353264388,84.24840591341108,102.5992723678575,122.8322476608676,144.52639559349893
0.9,75.0,51.945705033479975,29.302630456804827,13.998592537964571,68.60697075290389,118.11515200285986,163.45816740571107,38.423355467429424,84.18666594585449,102.6062919713757,122.74806920971996,144.35210177748965
0.75,75.0,52.16421216016777,29.947652978932183,15.435539170982796,68.76977818030443,118.18096385232552,163.6555790950349,38.87836789054421,84.31157082802814,102.70007806859942,122.83521902024529,144.65533447657438
0.7,75.0,52.385596083844796,30.40028019901201,17.23422458672522,68.96203206419158,118.25543402719263,163.76974568146488,39.271490042706034,84.47803043768243,102.82944204296076,123.05592842149551,144.8209589399136
0.6,75.0,53.15589104289665,31.66001548278968,19.939426984110437,69.69699404944217,118.59478574963016,164.15573337677762,40.50119913294724,85.19226596077138,103.32581789344135,123.47501607837127,145.3347810061932
0.5,75.0,54.51218005939672,33.402449637318185,22.098616515776882,71.28816781550078,119.4099811655759,164.91142731519483,42.39191782197752,86.29076434571381,104.11375588649686,124.10811834020927,146.28032557754318
0.3,none,58.63840025962103,38.15261864928868,24.085479501190495,82.47791627847116,122.44383805170037,157.08109594846638,47.93796946803646,91.75209099586438,105.40190820234238,121.18185800572007,143.3552203982546
0.4,75.0,56.762220367118196,35.67152039340876,23.06854068836888,74.9011727849266,121.18535020670836,166.38629413074878,45.07497288069056,88.6076443526584,105.84463001943756,125.95109595677604,148.20705108107293
0.3,100.0,58.85855509562221,38.20477302851642,24.085479501190495,82.47791627847116,122.45901345316665,159.47953115720736,48.03374559248947,91.75209099586438,105.86464962053431,122.56985989822924,144.83454084417804
0.3,75.0,60.37853326509669,38.61290863996128,24.085479501190495,82.79086762047028,125.60289187276074,169.67265813155694,48.76306862214099,93.4916454868704,109.80379873457565,129.35309489113618,152.646392600807
0.25,none,62.56213054840962,40.30242066825571,25.175796006766486,89.64182787464233,131.09910283401157,168.5497824401214,50.93508608683952,97.65639503941449,112.79881839080473,129.91910720577638,153.5943967085611
0.25,100.0,62.56213054840962,40.30242066825571,25.175796006766486,89.64182787464233,131.09910283401157,168.5497824401214,50.93508608683952,97.65639503941449,112.79881839080473,129.91910720577638,153.5943967085611
0.25,75.0,63.081448134957114,40.429808560012006,25.175796006766486,89.64182787464233,131.48603199824947,173.23288830881933,51.16791417763508,97.96298204727782,113.96069076252783,132.93885323196167,156.8065740310721
1.0,50.0,60.598078416787146,34.8812959901426,17.950616519602608,86.50622681098253,137.15010492598773,183.4850827823536,45.707261597670005,97.10859648446215,117.22958181611125,138.72835333226612,163.5944428846413
0.9,50.0,60.49624915829674,34.69363496993195,18.015543482212646,86.40038018230749,137.14394111573515,183.50262847289585,45.5076922580584,97.07821105574433,117.23026615186069,138.74899349828053,163.62330483691673
0.8,50.0,60.43207461186122,34.63683553325629,17.820234228945125,86.29771577163758,137.1470963308504,183.53733876666064,45.40104008609432,97.05742852221321,117.2536495698329,138.80491149887067,163.67359503029147
0.75,50.0,60.44106808724206,34.696288694542545,18.228257005705807,86.25356186751105,137.15700168713823,183.56396456361134,45.424298205492974,97.10117429728616,117.27760626134442,138.85285744916598,163.71030598342898
0.7,50.0,60.487786657063324,34.82511347280666,18.60031834125208,86.2212030087781,137.1798720528891,183.59890196600017,45.514301415894856,97.1269610382564,117.31947020005069,138.9249822091721,163.75872959165426
0.6,50.0,60.736258566666855,35.32974287136654,20.92813448891771,86.31121836704973,137.26965770162658,183.7117506046695,45.956458097493964,97.28722302462107,117.47979113128922,139.03852883135187,163.91861285021574
0.5,50.0,61.294398935539306,36.28077560916565,22.098616515776882,86.73287330371501,137.46087785856892,183.9265120778993,46.888387936195286,97.70837006664641,117.8628664267804,139.21812490855666,164.21955352412434
0.4,50.0,62.340593269947746,37.74377947743997,23.06854068836888,87.72067080010297,137.89355750932737,184.3738772797478,48.45002393831583,98.61650278970656,118.24062904569867,139.5593106381518,164.79595050662422
0.3,50.0,64.21974874517981,39.84302860712167,24.085479501190495,90.08863925684415,138.95235753945408,185.4354659512505,50.86763061505616,100.3891220389296,119.50305331010156,141.04346476540502,166.10706848223103
0.2,none,66.51261424602242,42.47672843385893,26.888636551054113,96.81149782746154,139.75729285179145,180.01997784160574,53.96460000878682,103.55377416891922,119.96538535972542,138.83239531854377,163.83848092003575
0.2,100.0,66.51261424602242,42.47672843385893,26.888636551054113,96.81149782746154,139.75729285179145,180.01997784160574,53.96460000878682,103.55377416891922,119.96538535972542,138.83239531854377,163.83848092003575
0.2,75.0,66.52028089332158,42.47828162031263,26.888636551054113,96.81149782746154,139.75729285179145,180.14534888940923,53.96743704351937,103.55377416891922,119.96538535972542,138.91762160820866,163.89664692656356
0.25,50.0,65.68000547630676,41.19596898533668,25.175796006766486,92.65239515472598,140.36130594459996,186.46638015055217,52.50800234618274,102.15016693952133,120.93481098308693,142.45336528994014,167.47435781155002
0.2,50.0,67.67201291103862,42.78090669113821,26.888636551054113,97.02117345847213,143.2221384450915,188.3598184831689,54.51102499663696,104.6927663949094,123.21121182960798,144.56187057783924,169.99765520886604
1.0,40.0,64.30161569075445,37.391971372120835,18.4258072681824,93.99194093592642,145.0343373498862,191.7477199136971,48.897691489111224,102.87048201080125,123.41966430553178,145.4649529780141,171.58806334016307
0.9,40.0,64.25176988207,37.25010418273607,19.16895622215762,93.93351968277581,145.03145737499023,191.75307058423093,48.77889164423945,102.84061492480843,123.4507281405991,145.47308599097462,171.6010866726505
0.8,40.0,64.23403905361664,37.21030603941389,19.93277454843498,93.87470896933765,145.03493717983068,191.76760870299574,48.72940657218264,102.81059311072875,123.45374570543295,145.49451684222163,171.62588362829595
0.75,40.0,64.23700978486447,37.22730618398007,20.321708872421734,93.84590519778577,145.0401830790529,191.7803818590991,48.730862924602896,102.82197568173883,123.47958741274162,145.51331767392585,171.64519785324717
0.7,40.0,64.24356192367932,37.26496609054796,20.71497596280114,93.81978088252653,145.04851754437323,191.7984215844752,48.74517211119372,102.76710512618789,123.500347730333,145.53948246373707,171.6709496056642
0.6,40.0,64.34667529316974,37.50822874739729,22.05983347920539,93.7894464649653,145.083668203106,191.85669211617716,48.937830940127434,102.85851644627684,123.50221221833539,145.64264234088282,171.74948851647844
0.5,40.0,64.64514098612119,38.06100095008775,22.370451110259353,93.83808599003198,145.18635430782908,191.96598345223444,49.455338274528415,103.06219637241077,123.58390361133561,145.75342429656635,171.89878316010234
0.4,40.0,65.28909798948467,39.089802432221205,23.06854068836888,94.27012928560568,145.4035722737783,192.19273911126487,50.4989782489577,103.60082322578444,123.99170287632766,145.93131039907254,172.21137402374748
0.3,40.0,66.54234490331379,40.72701082570782,24.085479501190495,95.49008535719736,145.85457034551249,192.7389176946366,52.29517553665072,104.68296483700021,124.67578561915367,146.56226433010323,172.8965154892028
0.25,40.0,67.5539554425208,41.83398010270154,25.175796006766486,96.75938582004868,146.42863251961558,193.31238803858528,53.57926388093729,105.62611151736233,125.28892611583287,147.37848462377391,173.59693119879205
0.2,40.0,69.00196979106742,43.189067635974155,26.888636551054113,99.20842387717899,147.79218881557517,194.31742987842864,55.21931085842496,107.16011058814775,126.63339181662448,148.69374259156757,174.91405393355174
0.9,30.0,68.26645266593287,40.16177151920036,20.842303239987206,101.66115826586181,153.0727110283235,200.1331990139038,52.39283537044055,108.4963854448776,129.6623695217382,152.49348020100066,179.7255151215924
0.8,30.0,68.24767191747098,40.070770946526245,20.27955890059585,101.63431621108026,153.07392597689775,200.13550121461566,52.33564671695948,108.50888278067985,129.66268407660198,152.4607149443259,179.7332362312334
1.0,30.0,68.2983353900127,40.29422743700736,21.00717558484391,101.68618153675037,153.07404832877938,200.13315094673354,52.47955079940544,108.52265395132031,129.66757375053456,152.53084091664206,179.72190030440325
0.75,30.0,68.24657446075615,40.04953843912376,20.428612526978608,101.61941202845338,153.0762275761732,200.13811393798136,52.325256299975,108.50947258381298,129.6746366844407,152.44655690746578,179.73961426467494
0.7,30.0,68.25495413551421,40.05759741893751,20.974706226742825,101.6047397432146,153.08010689649765,200.14331677167323,52.33564486645451,108.50099583992714,129.69426036184865,152.43513762676199,179.74945314484566
0.6,30.0,68.31139532889718,40.16944629687075,22.138665522054072,101.57932024799733,153.09615478581298,200.16430154088388,52.43392972504753,108.47855752440955,129.75743011948535,152.4232859006923,179.78208734803798
0.5,30.0,68.4335215128474,40.41693858620868,22.370251791966034,101.5726177086273,153.1301906107084,200.2098482804189,52.652987753336326,108.57329932073792,129.78211057900432,152.43815592171936,179.84502215295674
0.4,30.0,68.7380438690558,40.96090515811099,23.15303585483356,101.63693504054929,153.19018603431647,200.30530853084394,53.17765049261908,108.8724992570745,129.97149673547256,152.67104994146752,179.9707385577338
0.3,30.0,69.42984089461947,42.02069425249202,24.971028927759964,101.96174534343416,153.36311922810637,200.5325053341512,54.276555309871235,109.3900837707163,130.29021620680587,153.04564389089418,180.27927512332664
0.25,30.0,70.03634177995411,42.82138267306418,25.175796006766486,102.4984218532143,153.57045357286214,200.7745770486629,55.15364150880071,109.9241146303554,130.6715194616344,153.23603565577247,180.58585637512977
0.2,30.0,70.94539919374252,43.86668007662996,26.888636551054113,103.5214031912084,154.0113383065915,201.24149765849097,56.34879338043556,110.66757261978098,131.24900994740003,153.68721638596259,181.14897640680425
0.1,none,74.47678596726426,46.88795121854044,29.5690598848815,111.37604455131132,158.39523562187557,202.96387205798214,60.10503942881394,115.60949974733116,135.00572110791148,156.11320912177135,184.3380997658138
0.1,40.0,74.47678596726426,46.88795121854044,29.5690598848815,111.37604455131132,158.39523562187557,202.96387205798214,60.10503942881394,115.60949974733116,135.00572110791148,156.11320912177135,184.3380997658138
0.1,50.0,74.47678596726426,46.88795121854044,29.5690598848815,111.37604455131132,158.39523562187557,202.96387205798214,60.10503942881394,115.60949974733116,135.00572110791148,156.11320912177135,184.3380997658138
0.1,75.0,74.47678596726426,46.88795121854044,29.5690598848815,111.37604455131132,158.39523562187557,202.96387205798214,60.10503942881394,115.60949974733116,135.00572110791148,156.11320912177135,184.3380997658138
0.1,100.0,74.47678596726426,46.88795121854044,29.5690598848815,111.37604455131132,158.39523562187557,202.96387205798214,60.10503942881394,115.60949974733116,135.00572110791148,156.11320912177135,184.3380997658138
0.1,30.0,74.68540355409294,46.9382887761899,29.5690598848815,111.37604455131132,159.1807964967582,204.82080654718342,60.19737760800866,115.8289070678928,135.64133827959412,157.493732488766,185.6149929622383
0.6,20.0,72.60177109634995,43.27980806413468,23.152218959629433,109.55737757070801,161.19284698881873,208.62952126016697,56.39435982379376,114.75358940007695,136.25072229302828,159.28208316087236,187.99467159091319
0.7,20.0,72.58621971712745,43.28576639254363,22.885086165845376,109.56861512225483,161.19289931624425,208.62646399361165,56.37475541045226,114.74681880535687,136.28195295995283,159.2718511753851,187.98697421046282
0.5,20.0,72.64493493610306,43.3498418704406,23.245024739164574,109.54820087273482,161.19651830349298,208.6370238992892,56.47026052641885,114.7403376289927,136.286352447043,159.2992091526111,188.00993849897068
0.75,20.0,72.58474372081946,43.307585538133225,22.995636433426768,109.57431103417431,161.1936542912734,208.62586787556418,56.378588766793825,114.73341546160427,136.29596813769035,159.26877865828288,187.98497845501208
0.8,20.0,72.58622671948632,43.339508280758295,23.09515086827407,109.57986545496715,161.19464368876356,208.62567500135756,56.38922996684582,114.71844631696014,136.3083373548495,159.2672401319224,187.98370549748293
1.0,20.0,72.61443316155042,43.54970302237504,23.09515086827407,109.60013120953444,161.20008481934434,208.6269010341566,56.48254838391071,114.69472763239447,136.31981276700196,159.27560908083504,187.98289399045854
0.9,20.0,72.59620626796988,43.42881555537378,23.09515086827407,109.59053261419561,161.19713282528406,208.62602233232488,56.42644378625268,114.68481505244517,136.32440187095864,159.26877084324198,187.9826342618251
0.4,20.0,72.75597558774858,43.574143612379075,23.15303585483356,109.54882577476423,161.2100658771717,208.6613792600363,56.67386947991753,114.77451918244347,136.35401623548628,159.3429697999311,188.0468206134007
0.3,20.0,73.00931291940803,44.025179986305616,24.971028927759964,109.59819856943088,161.25158451023356,208.72870011503997,57.11397702414868,114.91493175216748,136.4955277971048,159.40389620361884,188.1354113944659
0.25,20.0,73.26531099793982,44.43364102241761,25.928151861199225,109.68691259862446,161.31068131657526,208.79995497546147,57.5329925562975,115.03308628285701,136.6429120897783,159.46984794586493,188.22966123842835
0.2,20.0,73.69201321706429,45.05257949860677,26.94246320197929,109.91310906033634,161.42554487357447,208.93700493364815,58.18996682583438,115.29720887318335,136.9390436383945,159.59513615994672,188.4134837191801
0.1,20.0,75.71613610938778,47.241933744174176,29.5690598848815,112.56497462061336,162.7483175343187,210.0806860394297,60.72906699975091,117.43886770909126,138.35892096550117,161.40212803166006,189.8505075471191
0.0,none,82.50486875044429,51.38258210521303,31.059054818874785,126.07970644836965,177.80323954679207,225.9112514249824,66.33494515316485,128.01411354998703,150.17092568731238,173.82582326342876,204.84916597509235
0.0,20.0,82.50486875044429,51.38258210521303,31.059054818874785,126.07970644836965,177.80323954679207,225.9112514249824,66.33494515316485,128.01411354998703,150.17092568731238,173.82582326342876,204.84916597509235
0.0,30.0,82.50486875044429,51.38258210521303,31.059054818874785,126.07970644836965,177.80323954679207,225.9112514249824,66.33494515316485,128.01411354998703,150.17092568731238,173.82582326342876,204.84916597509235
0.0,40.0,82.50486875044429,51.38258210521303,31.059054818874785,126.07970644836965,177.80323954679207,225.9112514249824,66.33494515316485,128.01411354998703,150.17092568731238,173.82582326342876,204.84916597509235
0.0,50.0,82.50486875044429,51.38258210521303,31.059054818874785,126.07970644836965,177.80323954679207,225.9112514249824,66.33494515316485,128.01411354998703,150.17092568731238,173.82582326342876,204.84916597509235
0.0,75.0,82.50486875044429,51.38258210521303,31.059054818874785,126.07970644836965,177.80323954679207,225.9112514249824,66.33494515316485,128.01411354998703,150.17092568731238,173.82582326342876,204.84916597509235
0.0,100.0,82.50486875044429,51.38258210521303,31.059054818874785,126.07970644836965,177.80323954679207,225.9112514249824,66.33494515316485,128.01411354998703,150.17092568731238,173.82582326342876,204.84916597509235
